MachineID,LineID,MachineName,UtilizationRate,DowntimeCause,RepairTimeHours,Status
1,Line A,Line A-M1,73.2,Power Issue,1.35,Active
2,Line A,Line A-M2,92.45,Mechanical Failure,2.9,Idle
3,Line A,Line A-M3,83.53,Mechanical Failure,1.49,Idle
4,Line A,Line A-M4,90.31,Maintenance,5.25,Maintenance
5,Line B,Line B-M1,79.23,Setup Time,2.91,Active
6,Line B,Line B-M2,85.27,Setup Time,4.27,Active
7,Line B,Line B-M3,65.56,Maintenance,3.23,Active
8,Line B,Line B-M4,79.93,Mechanical Failure,4.79,Active
9,Line C,Line C-M1,80.75,Mechanical Failure,1.02,Active
10,Line C,Line C-M2,70.16,Setup Time,1.74,Idle
11,Line C,Line C-M3,94.07,Setup Time,2.21,Maintenance
12,Line C,Line C-M4,63.26,Mechanical Failure,5.44,Active
